Time,Humidity,TemperatureC,Concentration,,,,
8:02:00 AM,41.6,31.3,315,,,,
8:02:05 AM,41.8,31.3,340,,,,
8:02:10 AM,41.8,31.3,389,,,,
8:02:15 AM,42,31.3,407,,,,
8:02:20 AM,42,31.3,407,,,,
8:02:25 AM,42.2,31.3,402,,,,
8:02:30 AM,42.2,31.3,400,,,,
8:02:35 AM,42.2,31.3,400,,,,
8:02:40 AM,42.2,31.3,448,,,,
8:02:45 AM,42.3,31.3,600,,,,
8:02:50 AM,42.3,31.3,654,,,,
8:02:55 AM,42.4,31.3,672,,,,
8:03:00 AM,42.4,31.3,726,,,,
8:03:05 AM,42.4,31.3,741,,,,
8:03:10 AM,42.4,31.3,770,,,,
8:03:15 AM,42.6,31.3,781,,,,
8:03:20 AM,42.6,31.3,794,,,,
8:03:25 AM,42.7,31.3,789,,,,
8:03:30 AM,42.7,31.3,766,,,,
8:03:35 AM,42.5,31.3,748,,,,
8:03:40 AM,42.5,31.3,734,,,,
8:03:45 AM,42.7,31.3,728,,,,
8:03:50 AM,42.7,31.3,715,,,,
8:03:55 AM,42.9,31.3,695,,,,
8:04:00 AM,42.9,31.3,653,,,,
8:04:05 AM,42.8,31.3,627,,,,
8:04:10 AM,42.8,31.3,598,,,,
8:04:15 AM,42.2,31.3,570,,,,
8:04:20 AM,42.2,31.3,544,,,,
8:04:25 AM,41.8,31.3,520,,,,
8:04:30 AM,41.8,31.3,500,,,,
8:04:35 AM,41.7,31.4,479,,,,
8:04:40 AM,41.7,31.4,465,,,,
8:04:45 AM,41.7,31.4,451,,,,
8:04:50 AM,41.7,31.4,439,,,,
8:04:55 AM,41.7,31.4,428,,,,
8:05:00 AM,41.7,31.4,419,,,,
8:05:05 AM,41.7,31.4,410,,,,
8:05:10 AM,41.7,31.4,407,,,,
8:05:15 AM,41.8,31.4,505,,,,
8:05:20 AM,41.8,31.4,560,,,,
8:05:25 AM,41.9,31.4,595,,,,
8:05:30 AM,41.9,31.4,572,,,,
8:05:35 AM,42,31.4,540,,,,
8:05:40 AM,42,31.4,534,,,,
8:05:45 AM,42,31.4,544,,,,
8:05:50 AM,42,31.4,555,,,,
8:05:55 AM,42.1,31.4,563,,,,
8:06:00 AM,42.1,31.4,572,,,,
8:06:05 AM,42.2,31.4,561,,,,
8:06:10 AM,42.2,31.4,582,,,,
8:06:15 AM,42.2,31.4,583,,,,
8:06:20 AM,42.2,31.4,542,,,,
8:06:25 AM,42.3,31.4,506,,,,
8:06:30 AM,42.3,31.4,478,,,,
8:06:35 AM,42.2,31.4,453,,,,
8:06:40 AM,42.2,31.4,431,,,,
8:06:45 AM,41.7,31.4,413,,,,
8:06:50 AM,41.7,31.4,397,,,,
8:06:55 AM,41.2,31.4,385,,,,
8:07:00 AM,41.2,31.4,374,,,,
8:07:05 AM,41,31.4,365,,,,
8:07:10 AM,41,31.4,357,,,,
8:07:15 AM,40.8,31.4,353,,,,
8:07:20 AM,40.8,31.4,407,,,,
8:07:25 AM,40.7,31.4,424,,,,
8:07:30 AM,40.7,31.4,415,,,,
8:07:35 AM,40.7,31.4,413,,,,
8:07:40 AM,40.7,31.4,395,,,,
8:07:45 AM,40.6,31.4,379,,,,
8:07:50 AM,40.6,31.4,369,,,,
8:07:55 AM,40.6,31.5,368,,,,
8:08:00 AM,40.6,31.5,373,,,,
8:08:05 AM,40.5,31.5,373,,,,
8:08:10 AM,40.5,31.5,459,,,,
8:08:15 AM,40.4,31.4,470,,,,
8:08:20 AM,40.4,31.4,534,,,,
8:08:25 AM,40.5,31.5,540,,,,
8:08:30 AM,40.5,31.5,542,,,,
8:08:35 AM,40.3,31.5,551,,,,
8:08:40 AM,40.3,31.5,559,,,,
8:08:45 AM,40.2,31.5,548,,,,
8:08:50 AM,40.2,31.5,517,,,,
8:08:55 AM,40.2,31.4,491,,,,
8:09:00 AM,40.2,31.4,468,,,,
8:09:05 AM,40.4,31.5,474,,,,
8:09:10 AM,40.4,31.5,474,,,,
8:09:15 AM,40.6,31.5,483,,,,
8:09:20 AM,40.6,31.5,476,,,,
8:09:25 AM,40.6,31.5,461,,,,
8:09:30 AM,40.6,31.5,467,,,,
8:09:35 AM,40.7,31.5,483,,,,
8:09:40 AM,40.7,31.5,536,,,,
8:09:45 AM,40.9,31.5,673,,,,
8:09:50 AM,40.9,31.5,726,,,,
8:09:55 AM,41,31.5,745,,,,
8:10:00 AM,41,31.5,735,,,,
8:10:05 AM,41.1,31.5,706,,,,
8:10:10 AM,41.1,31.5,634,,,,
8:10:15 AM,41.2,31.5,590,,,,
8:10:20 AM,41.2,31.5,557,,,,
8:10:25 AM,41.2,31.5,526,,,,
8:10:30 AM,41.2,31.5,499,,,,
8:10:35 AM,41.3,31.5,477,,,,
8:10:40 AM,41.3,31.5,460,,,,
8:10:45 AM,41.3,31.5,445,,,,
8:10:50 AM,41.3,31.5,433,,,,
8:10:55 AM,41.4,31.5,422,,,,
8:11:00 AM,41.4,31.5,413,,,,
8:11:05 AM,41.4,31.5,404,,,,
8:11:10 AM,41.4,31.5,396,,,,
8:11:15 AM,41.4,31.5,388,,,,
8:11:20 AM,41.4,31.5,381,,,,
8:11:25 AM,41.4,31.5,374,,,,
8:11:30 AM,41.4,31.5,367,,,,
8:11:35 AM,41.3,31.5,360,,,,
8:11:40 AM,41.3,31.5,355,,,,
8:11:45 AM,41.2,31.5,349,,,,
8:11:50 AM,41.2,31.5,344,,,,
8:11:55 AM,40.9,31.5,339,,,,
8:12:00 AM,40.9,31.5,334,,,,
8:12:05 AM,40.6,31.5,330,,,,
8:12:10 AM,40.6,31.5,326,,,,
8:12:15 AM,40.4,31.5,322,,,,
8:12:20 AM,40.4,31.5,318,,,,
8:12:25 AM,40.4,31.5,316,,,,
8:12:30 AM,40.4,31.5,313,,,,
8:12:35 AM,40.3,31.5,312,,,,
8:12:40 AM,40.3,31.5,310,,,,
8:12:45 AM,40.3,31.5,308,,,,
8:12:50 AM,40.3,31.5,306,,,,
8:12:55 AM,40.4,31.5,305,,,,
8:13:00 AM,40.6,31.5,304,,,,
8:13:05 AM,40.6,31.5,302,,,,
8:13:10 AM,40.6,31.5,301,,,,
8:13:15 AM,40.6,31.5,300,,,,
8:13:20 AM,40.7,31.5,484.2,,,,
8:13:25 AM,40.7,31.5,484.3,,,,234.2
8:13:30 AM,40.8,31.5,485.3,,,,234.3
8:13:35 AM,40.8,31.5,488.4,,,,235.3
8:13:40 AM,40.9,31.5,490.4,,,,238.4
8:13:45 AM,40.9,31.5,494.5,,,,240.4
8:13:50 AM,41,31.5,496.5,,,,244.5
8:13:55 AM,41,31.5,498.7,,,,246.5
8:14:00 AM,41.2,31.5,500.7,,,,248.7
8:14:05 AM,41.2,31.5,501.9,,,,250.7
8:14:10 AM,41.3,31.6,502.9,,,,251.9
8:14:15 AM,41.3,31.6,504.8,,,,252.9
8:14:20 AM,41.3,31.5,504.8,,,,254.8
8:14:25 AM,41.3,31.5,505.8,,,,254.8
8:14:30 AM,41.3,31.5,504.8,,,,255.8
8:14:35 AM,41.3,31.5,503.8,,,,254.8
8:14:40 AM,41.3,31.5,501.8,,,,253.8
8:14:45 AM,41.3,31.5,501.8,,,,251.8
8:14:50 AM,41.3,31.5,500.8,,,,251.8
8:14:55 AM,41.3,31.5,502,,,,250.8
8:15:00 AM,41.4,31.6,503,,,,252
8:15:05 AM,41.4,31.6,503,,,,253
8:15:10 AM,41.4,31.6,505,,,,253
8:15:15 AM,41.4,31.6,507.9,,,,255
8:15:20 AM,41.3,31.6,509.9,,,,257.9
8:15:25 AM,41.3,31.6,510.7,,,,259.9
8:15:30 AM,41.2,31.5,511.7,,,,260.7
8:15:35 AM,41.2,31.5,512.7,,,,261.7
8:15:40 AM,41.2,31.5,513.7,,,,262.7
8:15:45 AM,41.2,31.5,513.8,,,,263.7
8:15:50 AM,41.2,31.6,514.8,,,,263.8
8:15:55 AM,41.2,31.6,514.8,,,,264.8
8:16:00 AM,41.2,31.6,515.8,,,,264.8
8:16:05 AM,41.2,31.6,516.7,,,,265.8
8:16:10 AM,41.2,31.5,250,,,,266.7
8:16:15 AM, Humidity, Temp degC,516.8,,,,
8:16:20 AM,41.2,31.6,513.8,,,,266.8
8:16:25 AM,41.2,31.6,509.7,,,,263.8
8:16:30 AM,41.2,31.5,506.7,,,,259.7
8:16:35 AM,41.2,31.5,504.8,,,,256.7
8:16:40 AM,41.3,31.5,501.8,,,,254.8
8:16:45 AM,41.3,31.5,499.7,,,,251.8
8:16:50 AM,41.2,31.5,498.7,,,,249.7
8:16:55 AM,41.2,31.5,498.8,,,,248.7
8:17:00 AM,41.3,31.5,498.8,,,,248.8
8:17:05 AM,41.3,31.5,499.8,,,,248.8
8:17:10 AM,41.3,31.5,500.8,,,,249.8
8:17:15 AM,41.3,31.5,501.9,,,,250.8
8:17:20 AM,41.4,31.5,501.9,,,,251.9
8:17:25 AM,41.4,31.5,502,,,,251.9
8:17:30 AM,41.4,31.6,501,,,,252
8:17:35 AM,41.4,31.6,499,,,,251
8:17:40 AM,41.5,31.5,498,,,,249
8:17:45 AM,41.5,31.5,497.2,,,,248
8:17:50 AM,41.6,31.6,495.2,,,,247.2
8:17:55 AM,41.6,31.6,495.1,,,,245.2
8:18:00 AM,41.6,31.5,495.1,,,,245.1
8:18:05 AM,41.6,31.5,495.2,,,,245.1
8:18:10 AM,41.7,31.5,495.2,,,,245.2
8:18:15 AM,41.7,31.5,495.2,,,,245.2
8:18:20 AM,41.7,31.5,493.2,,,,245.2
8:18:25 AM,41.7,31.5,492.2,,,,243.2
8:18:30 AM,41.7,31.5,491.2,,,,242.2
8:18:35 AM,41.7,31.5,490.1,,,,241.2
8:18:40 AM,41.6,31.5,489.1,,,,240.1
8:18:45 AM,41.6,31.5,487.1,,,,239.1
8:18:50 AM,41.6,31.5,486.1,,,,237.1
8:18:55 AM,41.6,31.5,486.1,,,,236.1
8:19:00 AM,41.6,31.5,484.1,,,,236.1
8:19:05 AM,41.6,31.5,484.2,,,,234.1
8:19:10 AM,41.6,31.6,484.2,,,,234.2
8:19:15 AM,41.6,31.6,486,,,,234.2
8:19:20 AM,41.5,31.5,488,,,,236
8:19:25 AM,41.5,31.5,490,,,,238
8:19:30 AM,41.5,31.5,490,,,,240
8:19:35 AM,41.5,31.5,490,,,,240
8:19:40 AM,41.5,31.5,489,,,,240
8:19:45 AM,41.5,31.5,488.2,,,,239
8:19:50 AM,41.6,31.6,488.2,,,,238.2
8:19:55 AM,41.6,31.6,488.1,,,,238.2
8:20:00 AM,41.6,31.5,487.1,,,,238.1
8:20:05 AM,41.6,31.5,488.1,,,,237.1
8:20:10 AM,41.6,31.5,488.1,,,,238.1
8:20:15 AM,41.6,31.5,487.2,,,,238.1
8:20:20 AM,41.6,31.6,487.2,,,,237.2
8:20:25 AM,41.6,31.6,487.1,,,,237.2
8:20:30 AM,41.6,31.5,488.1,,,,237.1
8:20:35 AM,41.6,31.5,489,,,,238.1
8:20:40 AM,41.5,31.5,490,,,,239
8:20:45 AM,41.5,31.5,490.1,,,,240
8:20:50 AM,41.6,31.5,491.1,,,,240.1
8:20:55 AM,41.6,31.5,492,,,,241.1
8:21:00 AM,41.5,31.5,493,,,,242
8:21:05 AM,41.5,31.5,493,,,,243
8:21:10 AM,41.5,31.5,493,,,,243
8:21:15 AM,41.5,31.5,492,,,,243
8:21:20 AM,41.5,31.5,492,,,,242
8:21:25 AM,41.5,31.5,490.9,,,,242
8:21:30 AM,41.4,31.5,489.9,,,,240.9
8:21:35 AM,41.4,31.5,489.9,,,,239.9
8:21:40 AM,41.4,31.5,490.9,,,,239.9
8:21:45 AM,41.4,31.5,491.9,,,,240.9
8:21:50 AM,41.4,31.5,491.9,,,,241.9
8:21:55 AM,41.4,31.5,490.9,,,,241.9
8:22:00 AM,41.4,31.5,489.9,,,,240.9
8:22:05 AM,41.4,31.5,488.8,,,,239.9
8:22:10 AM,41.3,31.5,486.8,,,,238.8
8:22:15 AM,41.3,31.5,485.5,,,,236.8
8:22:20 AM,41,31.5,485.5,,,,235.5
8:22:25 AM,41,31.5,485.4,,,,235.5
8:22:30 AM,40.9,31.5,486.4,,,,235.4
8:22:35 AM,40.9,31.5,486.3,,,,236.4
8:22:40 AM,40.8,31.5,487.3,,,,236.3
8:22:45 AM,40.8,31.5,488.4,,,,237.3
8:22:50 AM,40.9,31.5,489.4,,,,238.4
8:22:55 AM,40.9,31.5,489.4,,,,239.4
8:23:00 AM,40.9,31.5,488.4,,,,239.4
8:23:05 AM,40.9,31.5,487.3,,,,238.4
8:23:10 AM,40.8,31.5,486.3,,,,237.3
8:23:15 AM,40.8,31.5,485.2,,,,236.3
8:23:20 AM,40.7,31.5,485.2,,,,235.2
8:23:25 AM,40.7,31.5,485.1,,,,235.2
8:23:30 AM,40.6,31.5,485.1,,,,235.1
8:23:35 AM,40.6,31.5,486.1,,,,235.1
8:23:40 AM,40.6,31.5,486.1,,,,236.1
8:23:45 AM,40.6,31.5,487.2,,,,236.1
8:23:50 AM,40.7,31.5,487.2,,,,237.2
8:23:55 AM,40.7,31.5,488.2,,,,237.2
8:24:00 AM,40.7,31.5,489.2,,,,238.2
8:24:05 AM,40.7,31.5,491.4,,,,239.2
8:24:10 AM,40.9,31.5,494.4,,,,241.4
8:24:15 AM,40.9,31.5,498.5,,,,244.4
8:24:20 AM,41,31.5,502.5,,,,248.5
8:24:25 AM,41,31.5,506.6,,,,252.5
8:24:30 AM,41,31.6,509.6,,,,256.6
8:24:35 AM,41,31.6,510.4,,,,259.6
8:24:40 AM,40.9,31.5,510.4,,,,260.4
8:24:45 AM,40.9,31.5,509.7,,,,260.4
8:24:50 AM,41.2,31.5,508.7,,,,259.7
8:24:55 AM,41.2,31.5,508,,,,258.7
8:25:00 AM,41.4,31.6,507,,,,258
8:25:05 AM,41.4,31.6,506.1,,,,257
8:25:10 AM,41.5,31.6,505.1,,,,256.1
8:25:15 AM,41.5,31.6,507.8,,,,255.1
8:25:20 AM,41.3,31.5,508.8,,,,257.8
8:25:25 AM,41.3,31.5,511.8,,,,258.8
8:25:30 AM,41.3,31.5,513.8,,,,261.8
8:25:35 AM,41.3,31.5,511.9,,,,263.8
8:25:40 AM,41.4,31.5,510.9,,,,261.9
8:25:45 AM,41.4,31.5,509.1,,,,260.9
8:25:50 AM,41.5,31.6,505.1,,,,259.1
8:25:55 AM,41.5,31.6,503.5,,,,255.1
8:26:00 AM,41,31.5,501.5,,,,253.5
8:26:05 AM,41,31.5,498.4,,,,251.5
8:26:10 AM,40.8,31.6,496.4,,,,248.4
8:26:15 AM,40.8,31.6,493.2,,,,246.4
8:26:20 AM,40.6,31.6,491.2,,,,243.2
8:26:25 AM,40.6,31.6,490.2,,,,241.2
8:26:30 AM,40.6,31.6,490.2,,,,240.2
8:26:35 AM,40.6,31.6,488.1,,,,240.2
8:26:40 AM,40.6,31.5,486.1,,,,238.1
8:26:45 AM,40.6,31.5,485.2,,,,236.1
8:26:50 AM,40.7,31.5,484.2,,,,235.2
8:26:55 AM,40.7,31.5,484.3,,,,234.2
8:27:00 AM,40.7,31.6,483.3,,,,234.3
8:27:05 AM,40.7,31.6,482.4,,,,233.3
8:27:10 AM,40.8,31.6,481.4,,,,232.4
8:27:15 AM,40.8,31.6,478.2,,,,231.4
8:27:20 AM,40.6,31.6,477.2,,,,228.2
8:27:25 AM,40.6,31.6,481.2,,,,227.2
8:27:30 AM,40.6,31.6,482.2,,,,231.2
8:27:35 AM,40.6,31.6,483.3,,,,232.2
8:27:40 AM,40.7,31.6,483.3,,,,233.3
8:27:45 AM,40.7,31.6,483.3,,,,233.3
8:27:50 AM,40.7,31.6,483.3,,,,233.3
8:27:55 AM,40.7,31.6,484.3,,,,233.3
8:28:00 AM,40.7,31.6,484.3,,,,234.3
8:28:05 AM,40.7,31.6,484.3,,,,234.3
8:28:10 AM,40.7,31.6,484.3,,,,234.3
8:28:15 AM,40.7,31.6,484.3,,,,234.3
8:28:20 AM,40.7,31.6,484.3,,,,234.3
8:28:25 AM,40.7,31.6,484.4,,,,234.3
8:28:30 AM,40.8,31.6,484.4,,,,234.4
8:28:35 AM,40.8,31.6,483.4,,,,234.4
8:28:40 AM,40.8,31.6,486.4,,,,233.4
8:28:45 AM,40.8,31.6,484.5,,,,236.4
8:28:50 AM,40.9,31.6,484.5,,,,234.5
8:28:55 AM,40.9,31.6,486,,,,234.5
8:29:00 AM,41.4,31.6,485,,,,236
8:29:05 AM,41.4,31.6,484,,,,235
8:29:10 AM,41.4,31.6,492,,,,234
8:29:15 AM,41.4,31.6,501,,,,242
8:29:20 AM,41.4,31.6,499,,,,251
8:29:25 AM,41.4,31.6,509,,,,249
8:29:30 AM,41.4,31.6,509,,,,259
8:29:35 AM,41.4,31.6,497.8,,,,259
8:29:40 AM,41.2,31.6,496.8,,,,247.8
8:29:45 AM,41.2,31.6,499.6,,,,246.8
8:29:50 AM,41,31.6,487.6,,,,249.6
8:29:55 AM,41,31.6,486.7,,,,237.6
8:30:00 AM,41.1,31.6,486.7,,,,236.7
8:30:05 AM,41.1,31.6,499.7,,,,236.7
8:30:10 AM,41.1,31.6,499.7,,,,249.7
8:30:15 AM,41.1,31.6,492.7,,,,249.7
8:30:20 AM,41.1,31.6,546.7,,,,242.7
8:30:25 AM,41.1,31.6,585.7,,,,296.7
8:30:30 AM,41.1,31.6,602.7,,,,335.7
8:30:35 AM,41.1,31.6,608.8,,,,352.7
8:30:40 AM,41.2,31.6,600.8,,,,358.8
8:30:45 AM,41.2,31.6,591.9,,,,350.8
8:30:50 AM,41.3,31.6,584.9,,,,341.9
8:30:55 AM,41.3,31.6,573.9,,,,334.9
8:31:00 AM,41.3,31.6,563.9,,,,323.9
8:31:05 AM,41.3,31.6,553.8,,,,313.9
8:31:10 AM,41.2,31.6,545.8,,,,303.8
8:31:15 AM,41.2,31.6,537.8,,,,295.8
8:31:20 AM,41.2,31.6,703.8,,,,287.8
8:31:25 AM,41.2,31.6,878.8,,,,453.8
8:31:30 AM,41.2,31.6,954.8,,,,628.8
8:31:35 AM,41.2,31.6,997.6,,,,704.8
8:31:40 AM,41,31.6,1017.6,,,,747.6
8:31:45 AM,41,31.6,1006.4,,,,767.6
8:31:50 AM,40.8,31.6,966.4,,,,756.4
8:31:55 AM,40.8,31.6,950.3,,,,716.4
8:32:00 AM,40.7,31.6,892.3,,,,700.3
8:32:05 AM,40.7,31.6,862.2,,,,642.3
8:32:10 AM,40.6,31.6,900.2,,,,612.2
8:32:15 AM,40.6,31.6,888.3,,,,650.2
8:32:20 AM,40.7,31.6,870.3,,,,638.3
8:32:25 AM,40.7,31.6,844.3,,,,620.3
8:32:30 AM,40.7,31.6,819.3,,,,594.3
8:32:35 AM,40.7,31.6,798.3,,,,569.3
8:32:40 AM,40.7,31.6,781.3,,,,548.3
8:32:45 AM,40.7,31.6,779.5,,,,531.3
8:32:50 AM,40.9,31.6,842.5,,,,529.5
8:32:55 AM,40.9,31.6,859.5,,,,592.5
8:33:00 AM,41,31.5,878.5,,,,609.5
8:33:05 AM,41,31.5,889.5,,,,628.5
8:33:10 AM,41,31.5,878.5,,,,639.5
8:33:15 AM,41,31.5,842.5,,,,628.5
8:33:20 AM,41,31.5,818.5,,,,592.5
8:33:25 AM,41,31.5,793.5,,,,568.5
8:33:30 AM,41,31.5,763.5,,,,543.5
8:33:35 AM,41,31.5,742.4,,,,513.5
8:33:40 AM,40.9,31.5,710.4,,,,492.4
8:33:45 AM,40.9,31.5,690.3,,,,460.4
8:33:50 AM,40.8,31.5,678.3,,,,440.3
8:33:55 AM,40.8,31.5,668.4,,,,428.3
8:34:00 AM,40.8,31.6,670.4,,,,418.4
8:34:05 AM,40.8,31.6,799.2,,,,420.4
8:34:10 AM,40.7,31.5,848.2,,,,549.2
8:34:15 AM,40.7,31.5,858.1,,,,598.2
8:34:20 AM,40.6,31.5,867.1,,,,608.1
8:34:25 AM,40.6,31.5,879.1,,,,617.1
8:34:30 AM,40.6,31.5,896.1,,,,629.1
8:34:35 AM,40.6,31.5,934.1,,,,646.1
8:34:40 AM,40.6,31.5,956.1,,,,684.1
8:34:45 AM,40.6,31.5,944.2,,,,706.1
8:34:50 AM,40.7,31.5,938.2,,,,694.2
8:34:55 AM,40.7,31.5,924.2,,,,688.2
8:35:00 AM,40.7,31.5,887.2,,,,674.2
8:35:05 AM,40.7,31.5,855.2,,,,637.2
8:35:10 AM,40.7,31.5,824.2,,,,605.2
8:35:15 AM,40.7,31.5,830.2,,,,574.2
8:35:20 AM,40.7,31.5,872.2,,,,580.2
8:35:25 AM,40.7,31.5,877.2,,,,622.2
8:35:30 AM,40.7,31.5,878.2,,,,627.2
8:35:35 AM,40.7,31.5,872.2,,,,628.2
8:35:40 AM,40.7,31.5,858.2,,,,622.2
8:35:45 AM,40.7,31.5,832.3,,,,608.2
8:35:50 AM,40.8,31.5,805.3,,,,582.3
8:35:55 AM,40.8,31.5,779.4,,,,555.3
8:36:00 AM,40.9,31.5,757.4,,,,529.4
8:36:05 AM,40.9,31.5,790.3,,,,507.4
8:36:10 AM,40.8,31.5,811.3,,,,540.3
8:36:15 AM,40.8,31.5,801.3,,,,561.3
8:36:20 AM,40.8,31.5,778.3,,,,551.3
8:36:25 AM,40.8,31.5,759.2,,,,528.3
8:36:30 AM,40.7,31.5,745.2,,,,509.2
8:36:35 AM,40.7,31.5,768.2,,,,495.2
8:36:40 AM,40.7,31.5,783.2,,,,518.2
8:36:45 AM,40.7,31.5,789.2,,,,533.2
8:36:50 AM,40.7,31.5,790.2,,,,539.2
8:36:55 AM,40.7,31.5,760.2,,,,540.2
8:37:00 AM,40.8,31.4,736.2,,,,510.2
8:37:05 AM,40.8,31.4,717.5,,,,486.2
8:37:10 AM,41,31.5,703.5,,,,467.5
8:37:15 AM,41,31.5,693.3,,,,453.5
8:37:20 AM,40.9,31.4,686.3,,,,443.3
8:37:25 AM,40.9,31.4,678.4,,,,436.3
8:37:30 AM,40.9,31.5,679.4,,,,428.4
8:37:35 AM,40.9,31.5,688.2,,,,429.4
8:37:40 AM,40.8,31.4,705.2,,,,438.2
8:37:45 AM,40.8,31.4,791.3,,,,455.2
8:37:50 AM,40.9,31.4,789.3,,,,541.3
8:37:55 AM,40.9,31.4,782.6,,,,539.3
8:38:00 AM,41.1,31.5,798.6,,,,532.6
8:38:05 AM,41.1,31.5,800.6,,,,548.6
8:38:10 AM,41.2,31.4,768.6,,,,550.6
8:38:15 AM,41.2,31.4,752.6,,,,518.6
8:38:20 AM,41.2,31.4,755.6,,,,502.6
8:38:25 AM,41.2,31.4,770.8,,,,505.6
8:38:30 AM,41.3,31.5,769.8,,,,520.8
8:38:35 AM,41.3,31.5,759.6,,,,519.8
8:38:40 AM,41.2,31.4,745.6,,,,509.6
8:38:45 AM,41.2,31.4,726.5,,,,495.6
8:38:50 AM,41.1,31.4,711.5,,,,476.5
8:38:55 AM,41.1,31.4,699.5,,,,461.5
8:39:00 AM,41.1,31.4,688.5,,,,449.5
8:39:05 AM,41.1,31.4,680.5,,,,438.5
8:39:10 AM,41.1,31.4,673.5,,,,430.5
8:39:15 AM,41.1,31.4,668.5,,,,423.5
8:39:20 AM,41.1,31.4,663.5,,,,418.5
8:39:25 AM,41.1,31.4,657.5,,,,413.5
8:39:30 AM,41.1,31.4,651.5,,,,407.5
8:39:35 AM,41.1,31.4,645.5,,,,401.5
8:39:40 AM,41.1,31.4,651.5,,,,395.5
8:39:45 AM,41.1,31.4,644.5,,,,401.5
8:39:50 AM,41.1,31.4,653.5,,,,394.5
8:39:55 AM,41.1,31.4,688.6,,,,403.5
8:40:00 AM,41.2,31.4,693.6,,,,438.6
8:40:05 AM,41.2,31.4,684.7,,,,443.6
8:40:10 AM,41.3,31.4,677.7,,,,434.7
8:40:15 AM,41.3,31.4,672.9,,,,427.7
8:40:20 AM,41.5,31.4,671.9,,,,422.9
8:40:25 AM,41.5,31.4,674.9,,,,421.9
8:40:30 AM,41.5,31.4,659.9,,,,424.9
8:40:35 AM,41.5,31.4,646.8,,,,409.9
8:40:40 AM,41.4,31.4,630.8,,,,396.8
8:40:45 AM,41.4,31.4,617.5,,,,380.8
8:40:50 AM,41.2,31.3,622.5,,,,367.5
8:40:55 AM,41.2,31.3,625.3,,,,372.5
8:41:00 AM,40.9,31.4,626.3,,,,375.3
8:41:05 AM,40.9,31.4,626,,,,376.3
8:41:10 AM,40.6,31.4,616,,,,376
8:41:15 AM,40.6,31.4,615.2,,,,366
8:41:20 AM,40.8,31.4,619.2,,,,365.2
8:41:25 AM,40.8,31.4,639.4,,,,369.2
8:41:30 AM,41,31.4,615.4,,,,389.4
8:41:35 AM,41,31.4,623.4,,,,365.4
8:41:40 AM,41,31.4,624.4,,,,373.4
8:41:45 AM,41,31.4,637.5,,,,374.4
8:41:50 AM,41.1,31.4,610.5,,,,387.5
8:41:55 AM,41.1,31.4,611.5,,,,360.5
8:42:00 AM,41.1,31.4,608.5,,,,361.5
8:42:05 AM,41.1,31.4,607.5,,,,358.5
8:42:10 AM,41.1,31.4,605.5,,,,357.5
8:42:15 AM,41.1,31.4,603.5,,,,355.5
8:42:20 AM,41.1,31.4,601.5,,,,353.5
8:42:25 AM,41.1,31.4,600.4,,,,351.5
8:42:30 AM,41,31.4,599.4,,,,350.4
8:42:35 AM,41,31.4,598.4,,,,349.4
8:42:40 AM,41,31.4,597.4,,,,348.4
8:42:45 AM,41,31.4,596.4,,,,347.4
8:42:50 AM,41,31.4,595.4,,,,346.4
8:42:55 AM,41,31.4,593.4,,,,345.4
8:43:00 AM,41,31.4,592.4,,,,343.4
8:43:05 AM,41,31.4,591.5,,,,342.4
8:43:10 AM,41.1,31.4,591.5,,,,341.5
8:43:15 AM,41.1,31.4,590.5,,,,341.5
8:43:20 AM,41.1,31.4,590.5,,,,340.5
8:43:25 AM,41.1,31.4,590.5,,,,340.5
8:43:30 AM,41.1,31.4,589.5,,,,340.5
8:43:35 AM,41.1,31.4,589.5,,,,339.5
8:43:40 AM,41.1,31.4,588.5,,,,339.5
8:43:45 AM,41.1,31.4,588.6,,,,338.5
8:43:50 AM,41.2,31.4,588.6,,,,338.6
8:43:55 AM,41.2,31.4,587.6,,,,338.6
8:44:00 AM,41.2,31.4,585.6,,,,337.6
8:44:05 AM,41.2,31.4,585.4,,,,335.6
8:44:10 AM,41.1,31.3,584.4,,,,335.4
8:44:15 AM,41.1,31.3,584.6,,,,334.4
8:44:20 AM,41.2,31.4,584.6,,,,334.6
8:44:25 AM,41.2,31.4,584.4,,,,334.6
8:44:30 AM,41.1,31.3,585.4,,,,334.4
8:44:35 AM,41.1,31.3,585.4,,,,335.4
8:44:40 AM,41.1,31.3,585.4,,,,335.4
8:44:45 AM,41.1,31.3,585.5,,,,335.4
8:44:50 AM,41.2,31.3,585.5,,,,335.5
8:44:55 AM,41.2,31.3,585.7,,,,335.5
8:45:00 AM,41.3,31.4,585.7,,,,335.7
8:45:05 AM,41.3,31.4,585.6,,,,335.7
8:45:10 AM,41.3,31.3,583.6,,,,335.6
8:45:15 AM,41.3,31.3,582.6,,,,333.6
8:45:20 AM,41.3,31.3,581.6,,,,332.6
8:45:25 AM,41.3,31.3,581.6,,,,331.6
8:45:30 AM,41.3,31.3,579.6,,,,331.6
8:45:35 AM,41.3,31.3,578.6,,,,329.6
8:45:40 AM,41.3,31.3,577.6,,,,328.6
8:45:45 AM,41.3,31.3,577.6,,,,327.6
8:45:50 AM,41.3,31.3,577.6,,,,327.6
8:45:55 AM,41.3,31.3,578.6,,,,327.6
8:46:00 AM,41.3,31.3,578.6,,,,328.6
8:46:05 AM,41.3,31.3,577.6,,,,328.6
8:46:10 AM,41.3,31.3,577.6,,,,327.6
8:46:15 AM,41.3,31.3,577.6,,,,327.6
8:46:20 AM,41.3,31.3,577.6,,,,327.6
8:46:25 AM,41.3,31.3,577.7,,,,327.6
8:46:30 AM,41.4,31.3,578.7,,,,327.7
8:46:35 AM,41.4,31.3,578.7,,,,328.7
8:46:40 AM,41.4,31.3,577.7,,,,328.7
8:46:45 AM,41.4,31.3,576.7,,,,327.7
8:46:50 AM,41.4,31.3,576.7,,,,326.7
8:46:55 AM,41.4,31.3,577.7,,,,326.7
8:47:00 AM,41.4,31.3,577.7,,,,327.7
8:47:05 AM,41.4,31.3,578.7,,,,327.7
8:47:10 AM,41.4,31.3,577.7,,,,328.7
8:47:15 AM,41.4,31.3,577.7,,,,327.7
8:47:20 AM,41.4,31.3,577.7,,,,327.7
8:47:25 AM,41.4,31.3,577.8,,,,327.7
8:47:30 AM,41.5,31.3,576.8,,,,327.8
8:47:35 AM,41.5,31.3,576.8,,,,326.8
8:47:40 AM,41.5,31.3,576.8,,,,326.8
8:47:45 AM,41.5,31.3,575.9,,,,326.8
8:47:50 AM,41.6,31.3,574.9,,,,325.9
8:47:55 AM,41.6,31.3,574.9,,,,324.9
8:48:00 AM,41.6,31.3,574.9,,,,324.9
8:48:05 AM,41.6,31.3,574.9,,,,324.9
8:48:10 AM,41.6,31.3,574.9,,,,324.9
8:48:15 AM,41.6,31.3,574.8,,,,324.9
8:48:20 AM,41.6,31.2,574.8,,,,324.8
8:48:25 AM,41.6,31.2,576.9,,,,324.8
8:48:30 AM,41.6,31.3,576.9,,,,326.9
8:48:35 AM,41.6,31.3,578.8,,,,326.9
8:48:40 AM,41.6,31.2,579.8,,,,328.8
8:48:45 AM,41.6,31.2,580,,,,329.8
8:48:50 AM,41.7,31.3,580,,,,330
8:48:55 AM,41.7,31.3,579,,,,330
8:49:00 AM,41.7,31.3,578,,,,329
8:49:05 AM,41.7,31.3,576.8,,,,328
8:49:10 AM,41.6,31.2,576.8,,,,326.8
8:49:15 AM,41.6,31.2,575.8,,,,326.8
8:49:20 AM,41.6,31.2,574.8,,,,325.8
8:49:25 AM,41.6,31.2,574,,,,324.8
8:49:30 AM,41.7,31.3,573,,,,324
8:49:35 AM,41.7,31.3,573.8,,,,323
8:49:40 AM,41.6,31.2,572.8,,,,323.8
8:49:45 AM,41.6,31.2,571.8,,,,322.8
8:49:50 AM,41.6,31.2,569.8,,,,321.8
8:49:55 AM,41.6,31.2,567.8,,,,319.8
8:50:00 AM,41.6,31.2,565.8,,,,317.8
8:50:05 AM,41.6,31.2,564.7,,,,315.8
8:50:10 AM,41.5,31.2,563.7,,,,314.7
8:50:15 AM,41.5,31.2,563.6,,,,313.7
8:50:20 AM,41.4,31.2,563.6,,,,313.6
8:50:25 AM,41.4,31.2,563.6,,,,313.6
8:50:30 AM,41.4,31.2,563.6,,,,313.6
8:50:35 AM,41.4,31.2,563.6,,,,313.6
8:50:40 AM,41.4,31.2,563.6,,,,313.6
8:50:45 AM,41.4,31.2,563.6,,,,313.6
8:50:50 AM,41.4,31.2,563.6,,,,313.6
8:50:55 AM,41.4,31.2,562.6,,,,313.6
8:51:00 AM,41.4,31.2,561.6,,,,312.6
8:51:05 AM,41.4,31.2,561.6,,,,311.6
8:51:10 AM,41.4,31.2,560.6,,,,311.6
8:51:15 AM,41.4,31.2,560.6,,,,310.6
8:51:20 AM,41.4,31.2,559.6,,,,310.6
8:51:25 AM,41.4,31.2,559.5,,,,309.6
8:51:30 AM,41.3,31.2,560.5,,,,309.5
8:51:35 AM,41.3,31.2,559.5,,,,310.5
8:51:40 AM,41.3,31.2,558.5,,,,309.5
8:51:45 AM,41.3,31.2,556.5,,,,308.5
8:51:50 AM,41.3,31.2,554.5,,,,306.5
8:51:55 AM,41.3,31.2,553.4,,,,304.5
8:52:00 AM,41.2,31.2,552.4,,,,303.4
8:52:05 AM,41.2,31.2,551.4,,,,302.4
8:52:10 AM,41.2,31.2,550.4,,,,301.4
8:52:15 AM,41.2,31.2,550.3,,,,300.4
8:52:20 AM,41.1,31.2,550.3,,,,300.3
8:52:25 AM,41.1,31.2,551.2,,,,300.3
8:52:30 AM,41.1,31.1,551.2,,,,301.2
8:52:35 AM,41.1,31.1,551.3,,,,301.2
8:52:40 AM,41.1,31.2,554.3,,,,301.3
8:52:45 AM,41.1,31.2,558.3,,,,304.3
8:52:50 AM,41.1,31.2,562.3,,,,308.3
8:52:55 AM,41.1,31.2,563.4,,,,312.3
8:53:00 AM,41.2,31.2,564.4,,,,313.4
8:53:05 AM,41.2,31.2,564.4,,,,314.4
8:53:10 AM,41.2,31.2,564.4,,,,314.4
8:53:15 AM,41.2,31.2,564.4,,,,314.4
